policyID,statecode,county,eq_site_limit,hu_site_limit,fl_site_limit,fr_site_limit,tiv_2011,tiv_2012,eq_site_deductible,hu_site_deductible,fl_site_deductible,fr_site_deductible,point_latitude,point_longitude,line,construction,point_granularity
119736,FL,CLAY COUNTY,498960,498960,498960,498960,498960,792148.9,0,9979.2,0,0,30.102261,-81.711777,Residential,Masonry,1
448094,FL,CLAY COUNTY,1322376.3,1322376.3,1322376.3,1322376.3,1322376.3,1438163.57,0,0,0,0,30.063936,-81.707664,Residential,Masonry,3
206893,FL,CLAY COUNTY,190724.4,190724.4,190724.4,190724.4,190724.4,192476.78,0,0,0,0,30.089579,-81.700455,Residential,Wood,1
333743,FL,CLAY COUNTY,0,79520.76,0,0,79520.76,86854.48,0,0,0,0,30.063236,-81.707703,Residential,Wood,3
891725,FL,COLUMBIA COUNTY,0,86056.32,0,0,86056.32,139415.11,0,0,0,0,30.17514,-82.66341,Residential,Wood,1
465875,FL,PINELLAS COUNTY,1297057.5,1297057.5,1297057.5,1297057.5,1297057.5,1577500.79,0,0,0,0,28.0809,-82.7588,Residential,Masonry,1
791209,FL,PINELLAS COUNTY,173286.9,173286.9,0,0,173286.9,205527.97,0,0,0,0,28.11055,-82.76636,Residential,Wood,4
322627,FL,PINELLAS COUNTY,1499781.6,1499781.6,0,0,1499781.6,1768782.43,0,0,0,0,28.089415,-82.697411,Residential,Masonry,3
398149,FL,PINELLAS COUNTY,373488.3,373488.3,0,0,373488.3,596003.67,0,0,0,0,28.06444,-82.77459,Residential,Masonry,1